enhanced_altitude_value,enhanced_altitude_units,enhanced_speed_value,enhanced_speed_units,heading_value,heading_units,id_value,id_units,position_lat_value,position_lat_units,position_long_value,position_long_units,timestamp_value,timestamp_units,timestamp_ms_value,timestamp_ms_units,unknown1_value,unknown1_units,unknown2_value,unknown2_units,unknown3_value,unknown3_units,unknown4_value,unknown4_units,unknown5_value,unknown5_units,utc_timestamp_value,utc_timestamp_units,
115.16,m,0.0,m/s,134.32,degrees,1,,578713638.8,semicircles,-854808125.4,semicircles,105.0,s,294.0,ms,62.4,,34.8,,71.6,,95.0,,208.0,,862317025.6,s,
115.43999999999998,m,0.0,m/s,134.32,degrees,2,,578713605.6,semicircles,-854808076.8,semicircles,105.0,s,794.0,ms,56.0,,31.8,,64.2,,95.0,,208.0,,862317026.0,s,
115.16000000000001,m,0.0,m/s,134.32,degrees,3,,578713575.0,semicircles,-854808020.0,semicircles,106.0,s,294.0,ms,51.6,,29.6,,59.8,,95.0,,208.0,,862317026.6,s,
114.55999999999999,m,0.0,m/s,134.32,degrees,4,,578713551.2,semicircles,-854807957.6,semicircles,106.0,s,794.0,ms,48.4,,27.8,,56.0,,95.0,,208.0,,862317027.0,s,
114.04,m,0.0,m/s,134.32,degrees,5,,578713530.6,semicircles,-854807941.8,semicircles,107.0,s,294.0,ms,45.2,,26.4,,52.4,,95.0,,208.0,,862317027.6,s,
114.36000000000001,m,0.0,m/s,134.32,degrees,6,,578713485.2,semicircles,-854807983.6,semicircles,107.0,s,794.0,ms,42.0,,25.2,,49.0,,95.0,,208.0,,862317028.0,s,
114.24000000000001,m,0.0,m/s,134.32,degrees,7,,578713453.8,semicircles,-854808039.2,semicircles,108.0,s,294.0,ms,39.0,,24.0,,46.2,,95.0,,208.0,,862317028.6,s,
113.75999999999996,m,0.0,m/s,134.32,degrees,8,,578713441.6,semicircles,-854808056.6,semicircles,108.0,s,794.0,ms,37.0,,23.8,,44.0,,95.0,,208.0,,862317029.0,s,
113.07999999999997,m,0.0,m/s,134.32,degrees,9,,578713414.6,semicircles,-854808050.4,semicircles,109.0,s,294.0,ms,34.2,,22.8,,41.2,,95.0,,208.0,,862317029.6,s,
113.28000000000002,m,0.0,m/s,134.32,degrees,10,,578713325.2,semicircles,-854807969.4,semicircles,109.0,s,794.0,ms,27.6,,21.2,,35.0,,93.4,,198.6,,862317030.0,s,
115.0,m,0.0,m/s,134.32,degrees,11,,578713234.4,semicircles,-854807828.2,semicircles,110.0,s,294.0,ms,23.2,,19.4,,30.2,,95.0,,208.0,,862317030.6,s,
114.44000000000001,m,0.0,m/s,134.32,degrees,12,,578713145.6,semicircles,-854807715.8,semicircles,110.0,s,794.0,ms,20.6,,18.8,,28.0,,95.0,,208.0,,862317031.0,s,
113.83999999999996,m,0.0,m/s,134.32,degrees,13,,578713073.4,semicircles,-854807587.6,semicircles,111.0,s,294.0,ms,19.2,,18.0,,26.4,,95.0,,208.0,,862317031.6,s,
114.32000000000002,m,0.0,m/s,134.32,degrees,14,,578713150.8,semicircles,-854807632.6,semicircles,111.0,s,794.0,ms,18.0,,17.2,,25.0,,95.0,,208.0,,862317032.0,s,
114.83999999999996,m,0.0,m/s,134.32,degrees,15,,578713144.8,semicircles,-854807633.4,semicircles,112.0,s,294.0,ms,17.0,,14.8,,22.8,,95.0,,208.0,,862317032.6,s,
115.0,m,0.0,m/s,134.32,degrees,16,,578713117.4,semicircles,-854807619.0,semicircles,112.0,s,794.0,ms,16.0,,13.2,,21.2,,95.0,,208.0,,862317033.0,s,
115.0,m,0.0,m/s,134.32,degrees,17,,578713137.0,semicircles,-854807647.2,semicircles,113.0,s,294.0,ms,15.8,,12.2,,20.0,,95.0,,208.0,,862317033.6,s,
115.0,m,0.0926,m/s,124.598,degrees,18,,578713164.2,semicircles,-854807646.6,semicircles,113.0,s,794.0,ms,15.0,,12.0,,19.2,,95.0,,208.0,,862317034.0,s,
115.20000000000005,m,0.6649999999999999,m/s,77.888,degrees,19,,578713192.4,semicircles,-854807570.6,semicircles,114.0,s,294.0,ms,15.0,,11.0,,19.0,,95.0,,208.0,,862317034.6,s,
115.20000000000005,m,0.8762000000000001,m/s,80.58599999999998,degrees,20,,578713184.6,semicircles,-854807461.6,semicircles,114.0,s,794.0,ms,15.0,,11.0,,18.4,,95.0,,208.0,,862317035.0,s,
115.16000000000004,m,0.9489999999999998,m/s,83.006,degrees,21,,578713192.4,semicircles,-854807367.8,semicircles,115.0,s,294.0,ms,14.0,,10.0,,18.0,,95.0,,208.0,,862317035.6,s,
115.0,m,1.0112,m/s,84.52000000000001,degrees,22,,578713202.6,semicircles,-854807280.6,semicircles,115.0,s,794.0,ms,14.0,,10.0,,17.2,,95.0,,208.0,,862317036.0,s,
114.96,m,1.0550000000000002,m/s,89.00399999999999,degrees,23,,578713194.0,semicircles,-854807191.4,semicircles,116.0,s,294.0,ms,14.0,,9.8,,17.0,,95.0,,208.0,,862317036.6,s,
114.71999999999998,m,1.0594,m/s,90.82000000000001,degrees,24,,578713179.8,semicircles,-854807089.6,semicircles,116.0,s,794.0,ms,13.6,,9.0,,17.0,,95.0,,208.0,,862317037.0,s,
114.28000000000002,m,1.0374,m/s,94.374,degrees,25,,578713176.8,semicircles,-854807007.0,semicircles,117.0,s,294.0,ms,13.0,,9.0,,16.2,,95.0,,208.0,,862317037.6,s,
114.0,m,1.0962,m/s,96.572,degrees,26,,578713170.8,semicircles,-854806904.2,semicircles,117.0,s,794.0,ms,13.0,,9.0,,16.0,,95.0,,208.0,,862317038.0,s,
113.83999999999996,m,1.2475999999999998,m/s,95.87,degrees,27,,578713156.6,semicircles,-854806786.2,semicircles,118.0,s,294.0,ms,13.0,,9.0,,16.0,,95.0,,207.8,,862317038.6,s,
113.75999999999996,m,1.3952000000000002,m/s,94.088,degrees,28,,578713148.2,semicircles,-854806655.2,semicircles,118.0,s,794.0,ms,13.0,,9.0,,16.0,,95.0,,208.0,,862317039.0,s,
113.60000000000002,m,1.512,m/s,91.428,degrees,29,,578713154.2,semicircles,-854806521.0,semicircles,119.0,s,294.0,ms,12.4,,9.0,,16.0,,95.0,,207.8,,862317039.6,s,
113.60000000000002,m,1.4916,m/s,93.238,degrees,30,,578713154.0,semicircles,-854806400.0,semicircles,119.0,s,794.0,ms,12.0,,9.0,,15.2,,93.0,,205.6,,862317040.0,s,
113.75999999999999,m,1.4309999999999998,m/s,97.096,degrees,31,,578713148.2,semicircles,-854806279.4,semicircles,120.0,s,294.0,ms,12.0,,9.0,,15.0,,93.0,,205.6,,862317040.6,s,
114.0,m,1.437,m/s,99.00800000000001,degrees,32,,578713147.2,semicircles,-854806166.2,semicircles,120.0,s,794.0,ms,11.0,,9.0,,15.0,,93.0,,205.4,,862317041.0,s,
114.0,m,1.3764,m/s,100.24600000000001,degrees,33,,578713163.2,semicircles,-854806089.6,semicircles,121.0,s,294.0,ms,11.0,,9.0,,14.2,,93.0,,205.4,,862317041.6,s,
113.91999999999999,m,1.2872,m/s,99.97200000000001,degrees,34,,578713190.6,semicircles,-854806038.6,semicircles,121.0,s,794.0,ms,11.0,,9.0,,14.0,,93.0,,205.6,,862317042.0,s,
113.79999999999995,m,1.1984,m/s,97.266,degrees,35,,578713227.0,semicircles,-854806010.8,semicircles,122.0,s,294.0,ms,10.8,,8.8,,14.0,,93.0,,205.8,,862317042.6,s,
113.79999999999995,m,1.1956000000000002,m/s,91.66999999999999,degrees,36,,578713268.2,semicircles,-854805975.0,semicircles,122.0,s,794.0,ms,10.0,,8.0,,14.0,,93.0,,205.6,,862317043.0,s,
113.91999999999999,m,1.1618,m/s,88.32,degrees,37,,578713310.6,semicircles,-854805948.6,semicircles,123.0,s,294.0,ms,10.0,,8.0,,13.0,,93.0,,205.6,,862317043.6,s,
114.0,m,1.0655999999999999,m/s,86.97999999999999,degrees,38,,578713340.4,semicircles,-854805917.0,semicircles,123.0,s,794.0,ms,10.0,,8.0,,13.0,,93.0,,205.8,,862317044.0,s,
114.12000000000003,m,1.0834,m/s,84.174,degrees,39,,578713362.0,semicircles,-854805853.0,semicircles,124.0,s,294.0,ms,10.0,,8.0,,13.0,,93.0,,205.4,,862317044.6,s,
114.35999999999999,m,1.0640000000000003,m/s,81.208,degrees,40,,578713390.0,semicircles,-854805801.6,semicircles,124.0,s,794.0,ms,10.0,,8.0,,13.0,,93.0,,205.8,,862317045.0,s,
114.6,m,1.036,m/s,79.36800000000001,degrees,41,,578713413.0,semicircles,-854805741.0,semicircles,125.0,s,294.0,ms,9.0,,8.0,,13.0,,93.0,,205.8,,862317045.6,s,
114.87999999999997,m,1.035,m/s,81.54400000000001,degrees,42,,578713424.0,semicircles,-854805667.4,semicircles,125.0,s,794.0,ms,9.0,,8.0,,13.0,,93.0,,206.0,,862317046.0,s,
115.20000000000002,m,1.0196,m/s,87.55599999999998,degrees,43,,578713427.0,semicircles,-854805604.6,semicircles,126.0,s,294.0,ms,9.0,,8.0,,12.6,,93.0,,205.6,,862317046.6,s,
115.39999999999998,m,0.9936,m/s,89.64599999999999,degrees,44,,578713434.6,semicircles,-854805540.0,semicircles,126.0,s,794.0,ms,9.0,,8.0,,12.0,,93.0,,205.4,,862317047.0,s,
115.47999999999999,m,1.0374,m/s,96.54,degrees,45,,578713432.8,semicircles,-854805461.4,semicircles,127.0,s,294.0,ms,9.0,,8.0,,12.0,,93.0,,205.8,,862317047.6,s,
115.67999999999999,m,1.118,m/s,96.40799999999999,degrees,46,,578713438.2,semicircles,-854805374.0,semicircles,127.0,s,794.0,ms,9.0,,8.0,,12.0,,93.0,,205.8,,862317048.0,s,
115.83999999999996,m,1.2428000000000001,m/s,97.946,degrees,47,,578713443.0,semicircles,-854805281.6,semicircles,128.0,s,294.0,ms,9.0,,8.0,,12.0,,93.0,,205.6,,862317048.6,s,
116.0,m,1.2372,m/s,96.988,degrees,48,,578713449.6,semicircles,-854805196.0,semicircles,128.0,s,794.0,ms,8.0,,8.0,,12.0,,93.0,,206.0,,862317049.0,s,
116.16000000000004,m,1.1652,m/s,91.864,degrees,49,,578713469.8,semicircles,-854805131.8,semicircles,129.0,s,294.0,ms,8.0,,8.0,,12.0,,93.0,,205.8,,862317049.6,s,
116.35999999999999,m,1.1318,m/s,87.194,degrees,50,,578713491.2,semicircles,-854805068.0,semicircles,129.0,s,794.0,ms,8.0,,8.0,,12.0,,93.0,,205.4,,862317050.0,s,
116.47999999999999,m,1.116,m/s,85.53,degrees,51,,578713502.8,semicircles,-854804991.0,semicircles,130.0,s,294.0,ms,8.0,,8.0,,12.0,,93.0,,205.8,,862317050.6,s,
116.64000000000001,m,1.167,m/s,81.47999999999999,degrees,52,,578713520.6,semicircles,-854804901.6,semicircles,130.0,s,794.0,ms,8.0,,8.0,,12.0,,93.0,,205.0,,862317051.0,s,
116.79999999999995,m,1.2075999999999998,m/s,75.08000000000001,degrees,53,,578713549.8,semicircles,-854804825.8,semicircles,131.0,s,294.0,ms,8.0,,8.0,,12.0,,93.0,,205.8,,862317051.6,s,
117.0,m,1.2274,m/s,72.71,degrees,54,,578713573.4,semicircles,-854804745.6,semicircles,131.0,s,794.0,ms,8.0,,8.0,,12.0,,93.0,,205.6,,862317052.0,s,
117.24000000000004,m,1.2995999999999999,m/s,70.36600000000001,degrees,55,,578713598.8,semicircles,-854804646.4,semicircles,132.0,s,294.0,ms,8.0,,8.4,,12.0,,93.0,,206.0,,862317052.6,s,
117.39999999999998,m,1.2899999999999998,m/s,64.9,degrees,56,,578713656.6,semicircles,-854804584.0,semicircles,132.0,s,793.4,ms,8.0,,9.0,,12.0,,93.0,,205.2,,862317053.0,s,
117.56000000000002,m,1.1852,m/s,61.15,degrees,57,,578713709.0,semicircles,-854804539.0,semicircles,133.0,s,293.0,ms,8.0,,9.0,,12.0,,93.0,,205.4,,862317053.6,s,
117.71999999999998,m,1.0156,m/s,57.40400000000001,degrees,58,,578713752.4,semicircles,-854804515.6,semicircles,133.0,s,793.0,ms,8.0,,9.0,,12.0,,93.0,,205.2,,862317054.0,s,
117.96,m,0.8944000000000001,m/s,63.746,degrees,59,,578713768.8,semicircles,-854804468.8,semicircles,134.0,s,293.0,ms,8.0,,9.0,,12.0,,93.0,,205.6,,862317054.6,s,
118.0,m,0.8178000000000001,m/s,67.36800000000001,degrees,60,,578713782.8,semicircles,-854804413.8,semicircles,134.0,s,793.0,ms,8.0,,9.0,,12.0,,93.0,,205.2,,862317055.0,s,
118.12000000000003,m,0.8485999999999999,m/s,67.784,degrees,61,,578713801.4,semicircles,-854804338.4,semicircles,135.0,s,293.0,ms,8.0,,9.0,,12.0,,93.0,,205.4,,862317055.6,s,
118.20000000000005,m,1.0594000000000001,m/s,69.618,degrees,62,,578713820.8,semicircles,-854804241.0,semicircles,135.0,s,793.0,ms,8.0,,9.0,,12.0,,93.0,,205.2,,862317056.0,s,
118.32000000000001,m,1.3178,m/s,68.71000000000001,degrees,63,,578713851.0,semicircles,-854804116.0,semicircles,136.0,s,293.0,ms,8.0,,9.0,,12.0,,93.0,,205.4,,862317056.6,s,
118.39999999999998,m,1.4946,m/s,68.222,degrees,64,,578713885.2,semicircles,-854804008.2,semicircles,136.0,s,793.0,ms,8.0,,9.0,,12.0,,93.0,,205.0,,862317057.0,s,
118.60000000000002,m,1.5264,m/s,68.196,degrees,65,,578713924.0,semicircles,-854803934.4,semicircles,137.0,s,293.0,ms,8.0,,9.0,,12.0,,93.0,,205.4,,862317057.6,s,
118.79999999999995,m,1.4182,m/s,68.368,degrees,66,,578713960.2,semicircles,-854803877.6,semicircles,137.0,s,793.0,ms,8.0,,9.6,,12.6,,93.0,,205.6,,862317058.0,s,
118.96,m,1.3218,m/s,68.066,degrees,67,,578713995.6,semicircles,-854803817.4,semicircles,138.0,s,293.0,ms,8.0,,10.0,,13.0,,93.0,,205.4,,862317058.6,s,
119.0,m,1.2886,m/s,67.30799999999999,degrees,68,,578714036.6,semicircles,-854803774.2,semicircles,138.0,s,793.0,ms,8.0,,10.0,,13.0,,93.0,,205.6,,862317059.0,s,
119.0,m,1.3144,m/s,67.89,degrees,69,,578714069.4,semicircles,-854803720.6,semicircles,139.0,s,293.0,ms,8.0,,10.0,,13.0,,93.0,,205.4,,862317059.6,s,
119.08000000000001,m,1.2308,m/s,70.86600000000001,degrees,70,,578714081.6,semicircles,-854803612.4,semicircles,139.0,s,793.0,ms,8.0,,10.0,,13.0,,93.0,,205.2,,862317060.0,s,
119.20000000000005,m,1.1842000000000001,m/s,70.81400000000001,degrees,71,,578714105.6,semicircles,-854803513.2,semicircles,140.0,s,293.0,ms,8.0,,10.0,,13.0,,93.0,,205.4,,862317060.6,s,
119.20000000000005,m,1.1868,m/s,68.526,degrees,72,,578714140.2,semicircles,-854803435.2,semicircles,140.0,s,793.0,ms,8.0,,11.0,,13.0,,93.0,,205.4,,862317061.0,s,
119.20000000000005,m,1.247,m/s,65.306,degrees,73,,578714189.4,semicircles,-854803343.0,semicircles,141.0,s,293.0,ms,8.0,,11.0,,13.0,,93.0,,205.4,,862317061.6,s,
119.24000000000004,m,1.3658,m/s,60.839999999999996,degrees,74,,578714277.6,semicircles,-854803247.0,semicircles,141.0,s,793.0,ms,8.0,,11.0,,13.8,,93.0,,205.6,,862317062.0,s,
119.39999999999998,m,1.4125999999999999,m/s,57.496,degrees,75,,578714342.4,semicircles,-854803146.6,semicircles,142.0,s,293.0,ms,8.0,,11.0,,14.0,,93.0,,205.4,,862317062.6,s,
119.39999999999998,m,1.3664,m/s,54.068000000000005,degrees,76,,578714401.6,semicircles,-854803069.8,semicircles,142.0,s,793.0,ms,8.0,,11.0,,14.0,,93.0,,205.4,,862317063.0,s,
119.39999999999998,m,1.3518000000000001,m/s,52.193999999999996,degrees,77,,578714456.4,semicircles,-854803002.2,semicircles,143.0,s,293.0,ms,8.0,,11.6,,14.0,,93.0,,205.6,,862317063.6,s,
119.39999999999998,m,1.285,m/s,50.038000000000004,degrees,78,,578714509.0,semicircles,-854802963.4,semicircles,143.0,s,793.0,ms,8.0,,12.0,,14.0,,93.0,,205.4,,862317064.0,s,
119.39999999999998,m,1.1771999999999998,m/s,49.462,degrees,79,,578714546.4,semicircles,-854802931.0,semicircles,144.0,s,293.0,ms,7.2,,12.0,,14.0,,93.0,,205.4,,862317064.6,s,
119.56000000000002,m,1.0548,m/s,52.041999999999994,degrees,80,,578714564.2,semicircles,-854802882.2,semicircles,144.0,s,793.0,ms,7.0,,12.0,,14.0,,93.0,,205.2,,862317065.0,s,
119.60000000000002,m,0.9432,m/s,54.144000000000005,degrees,81,,578714578.2,semicircles,-854802846.6,semicircles,145.0,s,293.0,ms,7.0,,12.0,,14.2,,93.0,,205.2,,862317065.6,s,
119.60000000000002,m,0.8394,m/s,57.227999999999994,degrees,82,,578714587.4,semicircles,-854802812.0,semicircles,145.0,s,793.0,ms,7.0,,12.6,,15.0,,93.0,,205.2,,862317066.0,s,
119.60000000000002,m,0.78,m/s,61.96,degrees,83,,578714591.4,semicircles,-854802762.2,semicircles,146.0,s,293.0,ms,7.0,,13.0,,15.0,,93.0,,205.2,,862317066.6,s,
119.64000000000001,m,0.7594000000000001,m/s,65.482,degrees,84,,578714600.8,semicircles,-854802709.2,semicircles,146.0,s,793.0,ms,7.0,,13.0,,15.0,,93.0,,205.2,,862317067.0,s,
119.79999999999995,m,0.7774000000000001,m/s,69.87800000000001,degrees,85,,578714605.4,semicircles,-854802633.8,semicircles,147.0,s,293.0,ms,6.8,,13.0,,15.0,,93.0,,205.0,,862317067.6,s,
119.79999999999995,m,0.8092,m/s,87.782,degrees,86,,578714571.6,semicircles,-854802534.8,semicircles,147.0,s,793.0,ms,6.0,,13.4,,15.0,,93.0,,205.4,,862317068.0,s,
119.79999999999995,m,0.9040000000000001,m/s,103.292,degrees,87,,578714588.2,semicircles,-854802496.0,semicircles,148.0,s,293.0,ms,6.0,,14.0,,15.0,,93.0,,205.2,,862317068.6,s,
119.79999999999995,m,0.9494,m/s,105.62,degrees,88,,578714587.0,semicircles,-854802424.2,semicircles,148.0,s,793.0,ms,6.0,,14.0,,15.0,,93.0,,205.4,,862317069.0,s,
119.79999999999995,m,0.9736,m/s,108.444,degrees,89,,578714557.2,semicircles,-854802326.8,semicircles,149.0,s,293.0,ms,6.0,,14.0,,15.0,,93.0,,205.0,,862317069.6,s,
119.79999999999995,m,1.0208000000000002,m/s,110.782,degrees,90,,578714519.8,semicircles,-854802215.8,semicircles,149.0,s,793.0,ms,6.0,,14.0,,15.4,,93.0,,205.2,,862317070.0,s,
119.91999999999999,m,1.0848,m/s,112.05199999999999,degrees,91,,578714476.4,semicircles,-854802090.6,semicircles,150.0,s,293.0,ms,5.0,,14.4,,16.0,,93.0,,205.4,,862317070.6,s,
120.0,m,1.1236000000000002,m/s,113.16600000000001,degrees,92,,578714450.0,semicircles,-854802003.2,semicircles,150.0,s,793.0,ms,5.0,,15.0,,16.0,,93.0,,205.2,,862317071.0,s,
120.0,m,1.1090000000000002,m/s,112.894,degrees,93,,578714434.0,semicircles,-854801927.4,semicircles,151.0,s,293.0,ms,5.0,,15.0,,16.0,,93.0,,205.2,,862317071.6,s,
120.0,m,1.1092,m/s,110.428,degrees,94,,578714426.6,semicircles,-854801832.0,semicircles,151.0,s,793.0,ms,5.0,,15.0,,16.0,,93.0,,205.0,,862317072.0,s,
120.12000000000003,m,1.1050000000000002,m/s,105.90599999999999,degrees,95,,578714444.4,semicircles,-854801755.2,semicircles,152.0,s,293.0,ms,5.0,,15.2,,16.2,,93.0,,205.2,,862317072.6,s,
120.20000000000005,m,1.0718,m/s,103.34200000000001,degrees,96,,578714464.0,semicircles,-854801703.0,semicircles,152.0,s,793.0,ms,5.0,,16.0,,17.0,,93.0,,205.2,,862317073.0,s,
120.20000000000005,m,1.0006,m/s,101.682,degrees,97,,578714496.0,semicircles,-854801681.0,semicircles,153.0,s,293.0,ms,5.0,,16.0,,17.0,,93.0,,205.6,,862317073.6,s,
120.20000000000005,m,0.9316000000000001,m/s,101.05600000000001,degrees,98,,578714522.8,semicircles,-854801673.2,semicircles,153.0,s,793.0,ms,5.0,,16.0,,17.0,,93.0,,205.2,,862317074.0,s,
120.20000000000005,m,0.8086,m/s,95.77400000000002,degrees,99,,578714603.0,semicircles,-854801735.0,semicircles,154.0,s,293.0,ms,5.0,,16.4,,17.2,,93.0,,205.2,,862317074.6,s,
120.20000000000005,m,0.7216,m/s,93.22999999999999,degrees,100,,578714642.0,semicircles,-854801743.8,semicircles,154.0,s,793.0,ms,5.0,,17.0,,18.0,,93.0,,205.2,,862317075.0,s,
120.28000000000002,m,0.6534000000000001,m/s,74.13799999999999,degrees,101,,578714771.8,semicircles,-854801822.4,semicircles,155.0,s,293.0,ms,5.0,,17.0,,18.0,,93.0,,205.4,,862317075.6,s,
120.39999999999998,m,0.6332,m/s,68.03200000000001,degrees,102,,578714798.4,semicircles,-854801802.2,semicircles,155.0,s,793.0,ms,5.0,,17.0,,18.0,,93.0,,205.2,,862317076.0,s,
120.39999999999998,m,0.5964,m/s,53.132000000000005,degrees,103,,578714857.2,semicircles,-854801864.8,semicircles,156.0,s,293.0,ms,5.0,,17.4,,18.0,,93.0,,205.2,,862317076.6,s,
120.39999999999998,m,0.52,m/s,63.762,degrees,104,,578714842.8,semicircles,-854801830.6,semicircles,156.0,s,793.0,ms,5.0,,18.0,,19.0,,93.0,,205.4,,862317077.0,s,
120.39999999999998,m,0.46980000000000005,m/s,69.112,degrees,105,,578714852.6,semicircles,-854801826.4,semicircles,157.0,s,293.0,ms,5.0,,18.0,,19.0,,93.0,,205.4,,862317077.6,s,
120.39999999999998,m,0.09,m/s,74.14,degrees,106,,578714840.0,semicircles,-854801808.0,semicircles,157.0,s,793.0,ms,5.0,,18.0,,19.0,,93.0,,205.2,,862317078.0,s,
120.39999999999998,m,0.0,m/s,74.14,degrees,107,,578714823.4,semicircles,-854801843.2,semicircles,158.0,s,293.0,ms,5.0,,18.6,,19.0,,93.0,,205.0,,862317078.6,s,
120.39999999999998,m,0.0,m/s,74.14,degrees,108,,578714813.8,semicircles,-854801887.8,semicircles,158.0,s,793.0,ms,5.0,,19.0,,20.0,,93.0,,205.4,,862317079.0,s,
120.20000000000005,m,0.0,m/s,74.14,degrees,109,,578714809.8,semicircles,-854801939.0,semicircles,159.0,s,293.0,ms,5.0,,19.0,,20.0,,93.0,,205.0,,862317079.6,s,
120.20000000000005,m,0.0,m/s,74.14,degrees,110,,578714817.8,semicircles,-854801985.0,semicircles,159.0,s,793.0,ms,5.0,,19.0,,20.0,,93.0,,205.4,,862317080.0,s,
120.20000000000005,m,0.0,m/s,74.14,degrees,111,,578714818.4,semicircles,-854802016.2,semicircles,160.0,s,293.0,ms,5.0,,20.0,,20.4,,164.2,,214.2,,862317080.6,s,
120.20000000000005,m,0.0,m/s,74.14,degrees,112,,578714834.4,semicircles,-854802041.4,semicircles,160.0,s,793.0,ms,5.0,,20.0,,21.0,,271.0,,228.0,,862317081.0,s,
120.20000000000005,m,0.0,m/s,74.14,degrees,113,,578714838.6,semicircles,-854802052.2,semicircles,161.0,s,293.0,ms,5.0,,20.0,,21.0,,235.4,,223.4,,862317081.6,s,
120.20000000000005,m,0.0,m/s,74.14,degrees,114,,578714836.4,semicircles,-854801964.8,semicircles,161.0,s,793.0,ms,5.0,,20.8,,21.0,,199.8,,218.8,,862317082.0,s,
120.20000000000005,m,0.0,m/s,74.14,degrees,115,,578714829.6,semicircles,-854801732.2,semicircles,162.0,s,293.0,ms,5.0,,21.0,,22.0,,654.6,,394.4,,862317082.6,s,
120.20000000000005,m,0.0,m/s,74.14,degrees,116,,578714838.2,semicircles,-854801500.8,semicircles,162.0,s,793.0,ms,5.0,,21.0,,22.0,,2187.6,,1059.2,,862317083.0,s,
120.20000000000005,m,0.0,m/s,74.14,degrees,117,,578714839.6,semicircles,-854801325.6,semicircles,163.0,s,293.0,ms,5.0,,21.0,,22.0,,2187.4,,1059.2,,862317083.6,s,
120.39999999999998,m,0.0,m/s,74.14,degrees,118,,578714795.2,semicircles,-854801125.0,semicircles,163.0,s,793.0,ms,5.0,,21.8,,22.0,,2186.8,,1059.2,,862317084.0,s,
120.39999999999998,m,0.0,m/s,74.14,degrees,119,,578714804.4,semicircles,-854800927.6,semicircles,164.0,s,293.0,ms,5.0,,22.0,,22.4,,933.8,,571.6,,862317084.6,s,
120.39999999999998,m,0.0,m/s,74.14,degrees,120,,578714798.0,semicircles,-854800688.8,semicircles,164.0,s,793.0,ms,5.0,,22.0,,23.0,,99.0,,247.0,,862317085.0,s,
120.39999999999998,m,0.0898,m/s,68.71000000000001,degrees,121,,578714816.0,semicircles,-854800356.2,semicircles,165.0,s,293.0,ms,5.0,,22.0,,23.0,,99.0,,247.0,,862317085.6,s,
120.43999999999998,m,0.6104,m/s,52.69799999999999,degrees,122,,578714796.2,semicircles,-854799692.8,semicircles,165.0,s,793.0,ms,5.0,,22.0,,23.0,,99.0,,247.0,,862317086.0,s,
120.60000000000002,m,0.7184,m/s,50.30200000000001,degrees,123,,578714818.4,semicircles,-854799455.0,semicircles,166.0,s,293.0,ms,5.0,,22.0,,22.6,,99.0,,247.0,,862317086.6,s,
120.60000000000002,m,0.7684,m/s,49.504,degrees,124,,578714839.8,semicircles,-854799257.0,semicircles,166.0,s,793.0,ms,5.0,,22.0,,22.0,,99.0,,247.0,,862317087.0,s,
120.71999999999998,m,0.7552,m/s,53.391999999999996,degrees,125,,578714831.2,semicircles,-854799108.4,semicircles,167.0,s,293.0,ms,5.0,,21.6,,22.0,,99.0,,247.0,,862317087.6,s,
120.79999999999995,m,0.7494000000000001,m/s,57.282,degrees,126,,578714837.4,semicircles,-854798988.8,semicircles,167.0,s,793.0,ms,5.0,,21.0,,22.0,,99.0,,247.0,,862317088.0,s,
120.79999999999995,m,0.7724,m/s,59.962,degrees,127,,578714844.4,semicircles,-854798874.6,semicircles,168.0,s,293.0,ms,5.0,,21.0,,22.0,,99.0,,247.0,,862317088.6,s,
120.83999999999996,m,0.7950000000000002,m/s,62.476,degrees,128,,578714838.4,semicircles,-854798734.8,semicircles,168.0,s,793.0,ms,5.0,,21.0,,22.0,,99.0,,247.0,,862317089.0,s,
121.0,m,0.8291999999999999,m/s,62.794000000000004,degrees,129,,578714851.2,semicircles,-854798574.8,semicircles,169.0,s,293.0,ms,5.0,,21.0,,22.0,,99.0,,247.0,,862317089.6,s,
121.0,m,0.8546000000000001,m/s,60.342000000000006,degrees,130,,578714891.2,semicircles,-854798451.8,semicircles,169.0,s,793.0,ms,5.0,,21.0,,21.8,,99.0,,229.4,,862317090.0,s,
121.0,m,0.7964,m/s,59.382000000000005,degrees,131,,578714882.6,semicircles,-854798453.0,semicircles,170.0,s,293.0,ms,5.0,,20.4,,21.0,,99.0,,203.0,,862317090.6,s,
121.0,m,0.7104,m/s,56.91799999999999,degrees,132,,578714885.6,semicircles,-854798449.4,semicircles,170.0,s,793.0,ms,5.0,,19.4,,20.2,,99.0,,203.0,,862317091.0,s,
121.04,m,0.6446000000000001,m/s,52.952,degrees,133,,578714887.6,semicircles,-854798178.8,semicircles,171.0,s,293.0,ms,5.0,,18.2,,19.0,,99.0,,203.0,,862317091.6,s,
121.20000000000005,m,0.6188,m/s,51.51800000000001,degrees,134,,578714897.2,semicircles,-854798021.8,semicircles,171.0,s,793.0,ms,5.0,,18.0,,19.0,,99.0,,203.0,,862317092.0,s,
121.20000000000005,m,0.6186,m/s,52.414,degrees,135,,578714899.4,semicircles,-854797897.0,semicircles,172.0,s,293.0,ms,5.0,,18.0,,18.4,,99.0,,203.0,,862317092.6,s,
121.20000000000005,m,0.6032,m/s,52.94200000000001,degrees,136,,578714902.2,semicircles,-854797816.8,semicircles,172.0,s,793.0,ms,5.0,,17.8,,18.0,,99.0,,203.0,,862317093.0,s,
121.20000000000005,m,0.6154,m/s,55.459999999999994,degrees,137,,578714893.2,semicircles,-854797515.6,semicircles,173.0,s,293.0,ms,5.0,,17.0,,18.0,,99.0,,203.0,,862317093.6,s,
121.20000000000005,m,0.6244,m/s,55.67999999999999,degrees,138,,578714891.6,semicircles,-854797380.0,semicircles,173.0,s,793.0,ms,5.0,,17.0,,18.0,,99.0,,203.0,,862317094.0,s,
121.20000000000005,m,0.5953999999999999,m/s,55.25599999999999,degrees,139,,578714895.8,semicircles,-854797345.2,semicircles,174.0,s,293.0,ms,5.0,,17.0,,18.0,,99.0,,203.0,,862317094.6,s,
121.20000000000005,m,0.578,m/s,56.318000000000005,degrees,140,,578714895.8,semicircles,-854797266.8,semicircles,174.0,s,793.0,ms,5.0,,17.0,,18.0,,99.0,,203.0,,862317095.0,s,
121.20000000000005,m,0.56,m/s,56.326,degrees,141,,578714886.6,semicircles,-854797209.8,semicircles,175.0,s,293.0,ms,5.0,,17.0,,17.6,,99.0,,203.0,,862317095.6,s,
121.20000000000005,m,0.5342,m/s,54.048,degrees,142,,578714890.2,semicircles,-854797143.4,semicircles,175.0,s,793.0,ms,5.0,,16.6,,17.0,,99.0,,203.0,,862317096.0,s,
121.20000000000005,m,0.495,m/s,51.784000000000006,degrees,143,,578714887.2,semicircles,-854797106.6,semicircles,176.0,s,293.0,ms,5.0,,16.0,,17.0,,99.0,,203.0,,862317096.6,s,
121.20000000000005,m,0.4424,m/s,45.967999999999996,degrees,144,,578714882.4,semicircles,-854797170.8,semicircles,176.0,s,793.0,ms,5.0,,16.0,,17.0,,99.0,,203.0,,862317097.0,s,
121.24000000000004,m,0.37720000000000004,m/s,36.785999999999994,degrees,145,,578714890.4,semicircles,-854797201.8,semicircles,177.0,s,293.0,ms,5.0,,16.0,,17.0,,99.0,,203.0,,862317097.6,s,
121.39999999999998,m,0.35319999999999996,m/s,28.183999999999997,degrees,146,,578714920.8,semicircles,-854797224.4,semicircles,177.0,s,793.0,ms,5.0,,16.0,,17.0,,99.0,,203.0,,862317098.0,s,
121.39999999999998,m,0.36019999999999996,m/s,22.204,degrees,147,,578714959.4,semicircles,-854797246.2,semicircles,178.0,s,293.0,ms,5.0,,16.0,,17.0,,99.0,,203.0,,862317098.6,s,
121.39999999999998,m,0.3724,m/s,16.392,degrees,148,,578714998.6,semicircles,-854797271.4,semicircles,178.0,s,793.0,ms,5.0,,16.0,,17.0,,99.0,,203.0,,862317099.0,s,
121.39999999999998,m,0.3948,m/s,11.56,degrees,149,,578715044.0,semicircles,-854797275.4,semicircles,179.0,s,293.0,ms,5.0,,16.0,,17.0,,968.2,,504.0,,862317099.6,s,
121.39999999999998,m,0.41859999999999997,m/s,9.608,degrees,150,,578715063.0,semicircles,-854797261.6,semicircles,179.0,s,793.0,ms,5.0,,16.0,,17.0,,968.2,,504.0,,862317100.0,s,
121.39999999999998,m,0.4418,m/s,7.1,degrees,151,,578715098.6,semicircles,-854797252.4,semicircles,180.0,s,293.0,ms,5.0,,16.0,,17.0,,968.2,,504.0,,862317100.6,s,
121.39999999999998,m,0.492,m/s,5.476,degrees,152,,578715153.6,semicircles,-854797240.0,semicircles,180.0,s,793.0,ms,5.0,,16.0,,17.0,,968.0,,504.0,,862317101.0,s,
121.39999999999998,m,0.5094,m/s,5.5120000000000005,degrees,153,,578715180.0,semicircles,-854797214.8,semicircles,181.0,s,293.0,ms,5.0,,16.0,,17.0,,968.2,,504.0,,862317101.6,s,
121.39999999999998,m,0.5142,m/s,5.014000000000001,degrees,154,,578715213.8,semicircles,-854797199.8,semicircles,181.0,s,793.0,ms,5.0,,16.0,,17.0,,967.8,,504.0,,862317102.0,s,
121.39999999999998,m,0.5296000000000001,m/s,4.478,degrees,155,,578715255.8,semicircles,-854797198.4,semicircles,182.0,s,293.0,ms,5.0,,16.0,,17.0,,446.6,,323.6,,862317102.6,s,
121.39999999999998,m,0.546,m/s,4.008,degrees,156,,578715294.6,semicircles,-854797197.8,semicircles,182.0,s,793.0,ms,5.0,,16.0,,17.0,,968.0,,504.0,,862317103.0,s,
121.39999999999998,m,0.554,m/s,3.0900000000000003,degrees,157,,578715320.0,semicircles,-854797202.6,semicircles,183.0,s,293.0,ms,5.0,,16.0,,17.0,,967.8,,504.0,,862317103.6,s,
121.39999999999998,m,0.5548,m/s,1.124,degrees,158,,578715330.6,semicircles,-854797239.6,semicircles,183.0,s,793.0,ms,5.0,,16.0,,17.0,,967.4,,504.0,,862317104.0,s,
121.39999999999998,m,0.5488000000000001,m/s,358.648,degrees,159,,578715329.4,semicircles,-854797295.4,semicircles,184.0,s,293.0,ms,5.0,,16.2,,17.0,,967.6,,504.2,,862317104.6,s,
121.39999999999998,m,0.5382,m/s,356.86199999999997,degrees,160,,578715318.6,semicircles,-854797329.6,semicircles,184.0,s,793.0,ms,5.0,,17.0,,17.0,,967.2,,504.0,,862317105.0,s,
121.39999999999998,m,0.5246000000000001,m/s,354.47400000000005,degrees,161,,578715305.8,semicircles,-854797392.4,semicircles,185.0,s,293.0,ms,5.0,,17.0,,17.4,,967.2,,504.2,,862317105.6,s,
121.39999999999998,m,0.5152000000000001,m/s,352.18600000000004,degrees,162,,578715303.0,semicircles,-854797453.0,semicircles,185.0,s,793.0,ms,5.0,,17.0,,18.0,,967.2,,504.0,,862317106.0,s,
121.39999999999998,m,0.5114000000000001,m/s,349.9359999999999,degrees,163,,578715296.0,semicircles,-854797503.0,semicircles,186.0,s,293.0,ms,5.0,,17.0,,18.0,,793.6,,444.0,,862317106.6,s,
121.39999999999998,m,0.5105999999999999,m/s,346.886,degrees,164,,578715298.2,semicircles,-854797580.8,semicircles,186.0,s,793.0,ms,5.0,,17.0,,18.0,,967.2,,504.0,,862317107.0,s,
121.39999999999998,m,0.5156,m/s,342.73999999999995,degrees,165,,578715299.6,semicircles,-854797666.0,semicircles,187.0,s,293.0,ms,5.0,,17.0,,18.0,,272.6,,264.0,,862317107.6,s,
121.39999999999998,m,0.5202,m/s,337.604,degrees,166,,578715292.0,semicircles,-854797759.2,semicircles,187.0,s,793.0,ms,5.0,,17.0,,18.0,,99.0,,203.6,,862317108.0,s,
121.28000000000002,m,0.5312,m/s,333.116,degrees,167,,578715291.8,semicircles,-854797852.2,semicircles,188.0,s,293.0,ms,5.0,,17.0,,18.0,,99.0,,203.8,,862317108.6,s,
121.20000000000005,m,0.539,m/s,330.16999999999996,degrees,168,,578715287.8,semicircles,-854797931.2,semicircles,188.0,s,793.0,ms,5.0,,17.0,,18.0,,99.0,,203.6,,862317109.0,s,
121.20000000000005,m,0.5474,m/s,326.962,degrees,169,,578715276.8,semicircles,-854798017.2,semicircles,189.0,s,293.0,ms,5.0,,17.0,,18.0,,99.0,,203.4,,862317109.6,s,
121.20000000000005,m,0.552,m/s,325.692,degrees,170,,578715280.2,semicircles,-854798062.8,semicircles,189.0,s,793.0,ms,5.0,,17.0,,18.0,,99.0,,203.8,,862317110.0,s,
121.20000000000005,m,0.5510000000000002,m/s,323.81800000000004,degrees,171,,578715270.0,semicircles,-854798129.6,semicircles,190.0,s,293.0,ms,5.0,,17.0,,18.0,,99.0,,203.4,,862317110.6,s,
121.20000000000005,m,0.5484000000000001,m/s,322.586,degrees,172,,578715257.4,semicircles,-854798163.4,semicircles,190.0,s,793.0,ms,5.0,,17.0,,18.0,,99.0,,203.6,,862317111.0,s,
121.20000000000005,m,0.5416000000000001,m/s,322.22999999999996,degrees,173,,578715248.8,semicircles,-854798163.8,semicircles,191.0,s,293.0,ms,5.0,,17.0,,18.0,,99.0,,203.8,,862317111.6,s,
121.20000000000005,m,0.5328000000000002,m/s,320.046,degrees,174,,578715223.0,semicircles,-854798189.8,semicircles,191.0,s,793.0,ms,5.0,,17.0,,18.0,,99.0,,203.0,,862317112.0,s,
121.20000000000005,m,0.5266,m/s,317.14799999999997,degrees,175,,578715186.6,semicircles,-854798260.4,semicircles,192.0,s,293.0,ms,5.0,,17.0,,18.0,,99.0,,204.0,,862317112.6,s,
121.20000000000005,m,0.5191999999999999,m/s,314.598,degrees,176,,578715154.0,semicircles,-854798331.4,semicircles,192.0,s,793.0,ms,5.0,,17.8,,18.0,,99.0,,204.0,,862317113.0,s,
121.20000000000005,m,0.5156,m/s,312.196,degrees,177,,578715128.8,semicircles,-854798404.6,semicircles,193.0,s,293.0,ms,5.0,,18.0,,18.0,,99.0,,203.8,,862317113.6,s,
121.20000000000005,m,0.5186,m/s,309.856,degrees,178,,578715098.8,semicircles,-854798476.2,semicircles,193.0,s,793.0,ms,5.0,,18.0,,18.0,,99.0,,204.0,,862317114.0,s,
121.20000000000005,m,0.523,m/s,309.332,degrees,179,,578715088.6,semicircles,-854798539.8,semicircles,194.0,s,293.0,ms,5.0,,18.0,,18.0,,99.0,,204.0,,862317114.6,s,
121.20000000000005,m,0.5578,m/s,312.22999999999996,degrees,180,,578715145.6,semicircles,-854798595.2,semicircles,194.0,s,793.0,ms,5.0,,18.0,,18.4,,99.0,,203.8,,862317115.0,s,
121.20000000000005,m,0.5804,m/s,313.63,degrees,181,,578715180.0,semicircles,-854798633.6,semicircles,195.0,s,293.0,ms,5.0,,18.0,,19.0,,99.0,,204.0,,862317115.6,s,
121.20000000000005,m,0.5801999999999999,m/s,314.244,degrees,182,,578715200.6,semicircles,-854798656.8,semicircles,195.0,s,793.0,ms,5.0,,18.0,,19.0,,99.0,,203.8,,862317116.0,s,
121.20000000000005,m,0.5696,m/s,315.71000000000004,degrees,183,,578715222.8,semicircles,-854798649.6,semicircles,196.0,s,293.0,ms,5.0,,18.0,,19.0,,99.0,,204.0,,862317116.6,s,
121.20000000000005,m,0.5534000000000001,m/s,317.73999999999995,degrees,184,,578715248.0,semicircles,-854798633.8,semicircles,196.0,s,793.0,ms,5.0,,18.0,,19.0,,99.0,,204.0,,862317117.0,s,
121.20000000000005,m,0.5422,m/s,318.92400000000004,degrees,185,,578715268.6,semicircles,-854798630.2,semicircles,197.0,s,293.0,ms,5.0,,18.0,,19.0,,99.0,,204.0,,862317117.6,s,
121.20000000000005,m,0.5344,m/s,319.658,degrees,186,,578715289.8,semicircles,-854798642.4,semicircles,197.0,s,793.0,ms,5.0,,18.0,,19.0,,99.0,,204.0,,862317118.0,s,
121.20000000000005,m,0.5282,m/s,320.066,degrees,187,,578715311.6,semicircles,-854798657.4,semicircles,198.0,s,293.0,ms,5.0,,18.0,,19.0,,99.0,,204.0,,862317118.6,s,
121.20000000000005,m,0.5237999999999999,m/s,321.07399999999996,degrees,188,,578715342.2,semicircles,-854798669.4,semicircles,198.0,s,793.0,ms,5.0,,18.0,,19.0,,99.0,,204.0,,862317119.0,s,
121.20000000000005,m,0.5166000000000001,m/s,322.238,degrees,189,,578715368.8,semicircles,-854798675.8,semicircles,199.0,s,293.0,ms,5.0,,18.0,,19.0,,99.0,,204.0,,862317119.6,s,
121.20000000000005,m,0.5077999999999999,m/s,323.40999999999997,degrees,190,,578715392.2,semicircles,-854798686.2,semicircles,199.0,s,793.0,ms,5.0,,18.0,,19.0,,95.4,,183.6,,862317120.0,s,
121.28000000000002,m,0.49820000000000003,m/s,325.40199999999993,degrees,191,,578715416.0,semicircles,-854798694.2,semicircles,200.0,s,293.0,ms,5.0,,18.0,,19.0,,93.0,,170.0,,862317120.6,s,
121.39999999999998,m,0.4972,m/s,327.186,degrees,192,,578715456.4,semicircles,-854798708.0,semicircles,200.0,s,793.0,ms,5.0,,18.0,,19.0,,99.0,,204.0,,862317121.0,s,
121.39999999999998,m,0.5007999999999999,m/s,328.756,degrees,193,,578715498.0,semicircles,-854798720.2,semicircles,201.0,s,293.0,ms,5.0,,18.0,,19.0,,99.0,,204.0,,862317121.6,s,
121.39999999999998,m,0.4968,m/s,329.86600000000004,degrees,194,,578715527.0,semicircles,-854798727.8,semicircles,201.0,s,793.0,ms,5.0,,18.0,,19.0,,99.0,,204.0,,862317122.0,s,
121.39999999999998,m,0.492,m/s,330.774,degrees,195,,578715554.2,semicircles,-854798737.0,semicircles,202.0,s,293.0,ms,5.0,,18.0,,19.0,,99.0,,204.0,,862317122.6,s,
121.39999999999998,m,0.4854,m/s,331.642,degrees,196,,578715576.0,semicircles,-854798743.8,semicircles,202.0,s,793.0,ms,5.0,,18.4,,19.0,,99.0,,204.0,,862317123.0,s,
121.39999999999998,m,0.48040000000000005,m/s,332.428,degrees,197,,578715598.8,semicircles,-854798752.8,semicircles,203.0,s,293.0,ms,5.0,,19.0,,19.0,,99.0,,204.0,,862317123.6,s,
121.39999999999998,m,0.47479999999999994,m/s,333.44000000000005,degrees,198,,578715620.0,semicircles,-854798756.4,semicircles,203.0,s,793.0,ms,4.6,,19.0,,19.0,,99.0,,204.0,,862317124.0,s,
121.39999999999998,m,0.4702,m/s,334.864,degrees,199,,578715643.0,semicircles,-854798754.4,semicircles,204.0,s,293.0,ms,4.0,,19.0,,19.0,,99.0,,204.0,,862317124.6,s,
121.39999999999998,m,0.46460000000000007,m/s,336.262,degrees,200,,578715648.0,semicircles,-854798754.4,semicircles,204.0,s,793.0,ms,4.0,,19.0,,19.2,,99.0,,213.0,,862317125.0,s,
121.39999999999998,m,0.4518,m/s,337.426,degrees,201,,578715643.6,semicircles,-854798753.4,semicircles,205.0,s,293.0,ms,4.0,,19.0,,20.0,,99.8,,251.4,,862317125.6,s,
121.39999999999998,m,0.4398000000000001,m/s,338.40200000000004,degrees,202,,578715635.2,semicircles,-854798741.4,semicircles,205.0,s,793.0,ms,4.0,,19.0,,20.0,,100.0,,257.6,,862317126.0,s,
121.39999999999998,m,0.425,m/s,339.72200000000004,degrees,203,,578715623.0,semicircles,-854798715.2,semicircles,206.0,s,293.0,ms,4.0,,19.0,,20.0,,100.0,,257.4,,862317126.6,s,
121.39999999999998,m,0.41179999999999994,m/s,341.226,degrees,204,,578715611.6,semicircles,-854798687.2,semicircles,206.0,s,793.0,ms,4.0,,19.0,,20.0,,100.0,,257.4,,862317127.0,s,
121.39999999999998,m,0.402,m/s,342.98,degrees,205,,578715602.6,semicircles,-854798657.4,semicircles,207.0,s,293.0,ms,4.0,,19.4,,20.0,,100.0,,257.2,,862317127.6,s,
121.39999999999998,m,0.3924,m/s,344.83399999999995,degrees,206,,578715595.0,semicircles,-854798626.2,semicircles,207.0,s,793.0,ms,4.0,,20.0,,20.0,,99.4,,257.0,,862317128.0,s,
121.39999999999998,m,0.391,m/s,345.06,degrees,207,,578715611.2,semicircles,-854798629.4,semicircles,208.0,s,293.0,ms,4.0,,20.0,,20.0,,99.6,,257.0,,862317128.6,s,
121.39999999999998,m,0.391,m/s,345.06,degrees,208,,578715631.8,semicircles,-854798637.4,semicircles,208.0,s,793.0,ms,4.0,,20.0,,20.0,,99.4,,9999.0,,862317129.0,s,
121.39999999999998,m,0.391,m/s,345.06,degrees,209,,578715652.0,semicircles,-854798645.6,semicircles,209.0,s,293.0,ms,4.0,,20.0,,20.4,,99.8,,9999.0,,862317129.6,s,
121.39999999999998,m,0.391,m/s,345.06,degrees,210,,578715672.0,semicircles,-854798653.6,semicircles,209.0,s,793.0,ms,4.0,,20.0,,21.0,,99.8,,9999.0,,862317130.0,s,
121.39999999999998,m,0.391,m/s,345.06,degrees,211,,578715692.0,semicircles,-854798661.8,semicircles,210.0,s,293.0,ms,4.0,,20.0,,21.0,,99.8,,9999.0,,862317130.6,s,
121.39999999999998,m,0.391,m/s,345.06,degrees,212,,578715713.0,semicircles,-854798670.0,semicircles,210.0,s,793.0,ms,4.0,,20.6,,21.0,,100.0,,9999.0,,862317131.0,s,
121.39999999999998,m,0.391,m/s,345.06,degrees,213,,578715733.0,semicircles,-854798678.0,semicircles,211.0,s,293.0,ms,4.0,,21.0,,21.0,,99.6,,9999.0,,862317131.6,s,
121.39999999999998,m,0.391,m/s,345.06,degrees,214,,578715753.0,semicircles,-854798686.4,semicircles,211.0,s,793.0,ms,4.0,,21.0,,21.0,,99.8,,9999.0,,862317132.0,s,
121.39999999999998,m,0.391,m/s,345.06,degrees,215,,578715773.4,semicircles,-854798694.4,semicircles,212.0,s,293.0,ms,167.6,,37.6,,174.8,,2079.8,,9999.0,,862317132.6,s,
121.39999999999998,m,0.391,m/s,345.06,degrees,216,,578715794.0,semicircles,-854798702.6,semicircles,212.0,s,793.0,ms,348.0,,145.0,,365.0,,9999.0,,9999.0,,862317133.0,s,
121.39999999999998,m,0.391,m/s,345.06,degrees,217,,578715814.0,semicircles,-854798710.6,semicircles,213.0,s,293.0,ms,348.0,,217.8,,365.0,,9999.0,,9999.0,,862317133.6,s,
121.39999999999998,m,0.391,m/s,345.06,degrees,218,,578715834.0,semicircles,-854798718.6,semicircles,213.0,s,793.0,ms,348.0,,286.6,,365.0,,9999.0,,9999.0,,862317134.0,s,
121.39999999999998,m,0.391,m/s,345.06,degrees,219,,578715854.0,semicircles,-854798726.8,semicircles,214.0,s,293.0,ms,348.0,,349.4,,365.0,,9999.0,,9999.0,,862317134.6,s,
121.39999999999998,m,0.391,m/s,345.06,degrees,220,,578715874.6,semicircles,-854798735.0,semicircles,214.0,s,793.0,ms,348.0,,365.0,,365.0,,9999.0,,9999.0,,862317135.0,s,
121.39999999999998,m,0.391,m/s,345.06,degrees,221,,578715895.0,semicircles,-854798743.2,semicircles,215.0,s,293.0,ms,348.0,,365.0,,365.0,,9999.0,,9999.0,,862317135.6,s,
121.39999999999998,m,0.391,m/s,345.06,degrees,222,,578715915.0,semicircles,-854798751.2,semicircles,215.0,s,793.0,ms,348.0,,365.0,,365.0,,9999.0,,9999.0,,862317136.0,s,
121.39999999999998,m,0.391,m/s,345.06,degrees,223,,578715935.0,semicircles,-854798759.4,semicircles,216.0,s,293.0,ms,348.0,,365.0,,365.0,,9999.0,,9999.0,,862317136.6,s,
121.39999999999998,m,0.391,m/s,345.06,degrees,224,,578715955.6,semicircles,-854798767.4,semicircles,216.0,s,793.0,ms,348.0,,365.0,,365.0,,9999.0,,9999.0,,862317137.0,s,
121.39999999999998,m,0.391,m/s,345.06,degrees,225,,578715976.0,semicircles,-854798775.6,semicircles,217.0,s,293.0,ms,348.0,,365.0,,365.0,,9999.0,,9999.0,,862317137.6,s,
121.39999999999998,m,0.391,m/s,345.06,degrees,226,,578715996.0,semicircles,-854798783.6,semicircles,217.0,s,793.0,ms,348.0,,365.0,,365.0,,9999.0,,9999.0,,862317138.0,s,
121.39999999999998,m,0.391,m/s,345.06,degrees,227,,578716016.0,semicircles,-854798791.8,semicircles,218.0,s,293.0,ms,348.0,,365.0,,365.0,,9999.0,,9999.0,,862317138.6,s,
121.39999999999998,m,0.391,m/s,345.06,degrees,228,,578716036.6,semicircles,-854798800.0,semicircles,218.0,s,793.0,ms,348.0,,365.0,,365.0,,9999.0,,9999.0,,862317139.0,s,
121.39999999999998,m,0.391,m/s,345.06,degrees,229,,578716057.0,semicircles,-854798808.0,semicircles,219.0,s,293.0,ms,348.0,,365.0,,365.0,,9999.0,,9999.0,,862317139.6,s,
121.39999999999998,m,0.391,m/s,345.06,degrees,230,,578716077.0,semicircles,-854798816.4,semicircles,219.0,s,793.0,ms,348.0,,365.0,,365.0,,9999.0,,9999.0,,862317140.0,s,
121.39999999999998,m,0.391,m/s,345.06,degrees,231,,578716097.0,semicircles,-854798824.4,semicircles,220.0,s,293.0,ms,348.0,,365.0,,365.0,,9999.0,,9999.0,,862317140.6,s,
121.39999999999998,m,0.391,m/s,345.06,degrees,232,,578716117.6,semicircles,-854798832.6,semicircles,220.0,s,793.0,ms,348.0,,365.0,,365.0,,9999.0,,9999.0,,862317141.0,s,
121.39999999999998,m,0.391,m/s,345.06,degrees,233,,578716138.0,semicircles,-854798840.6,semicircles,221.0,s,293.0,ms,348.0,,365.0,,365.0,,9999.0,,9999.0,,862317141.6,s,
121.39999999999998,m,0.391,m/s,345.06,degrees,234,,578716158.0,semicircles,-854798848.8,semicircles,221.0,s,793.0,ms,348.0,,365.0,,365.0,,9999.0,,9999.0,,862317142.0,s,
121.39999999999998,m,0.391,m/s,345.06,degrees,235,,578716178.0,semicircles,-854798857.0,semicircles,222.0,s,293.0,ms,348.0,,365.0,,365.0,,9999.0,,9999.0,,862317142.6,s,
121.39999999999998,m,0.391,m/s,345.06,degrees,236,,578716198.4,semicircles,-854798865.0,semicircles,222.0,s,793.0,ms,348.0,,365.0,,365.0,,9999.0,,9999.0,,862317143.0,s,
121.39999999999998,m,0.391,m/s,345.06,degrees,237,,578716219.0,semicircles,-854798873.2,semicircles,223.0,s,293.0,ms,348.0,,365.0,,365.0,,9999.0,,9999.0,,862317143.6,s,
121.39999999999998,m,0.391,m/s,345.06,degrees,238,,578716239.0,semicircles,-854798881.4,semicircles,223.0,s,793.0,ms,348.0,,365.0,,365.0,,9999.0,,9999.0,,862317144.0,s,
121.39999999999998,m,0.391,m/s,345.06,degrees,239,,578716259.0,semicircles,-854798889.4,semicircles,224.0,s,293.0,ms,348.0,,365.0,,365.0,,9999.0,,9999.0,,862317144.6,s,
121.39999999999998,m,0.391,m/s,345.06,degrees,240,,578716279.4,semicircles,-854798897.6,semicircles,224.0,s,793.0,ms,348.0,,365.0,,365.0,,9999.0,,9999.0,,862317145.0,s,
121.39999999999998,m,0.391,m/s,345.06,degrees,241,,578716300.0,semicircles,-854798905.6,semicircles,225.0,s,293.0,ms,348.0,,365.0,,365.0,,9999.0,,9999.0,,862317145.6,s,
121.39999999999998,m,0.391,m/s,345.06,degrees,242,,578716320.0,semicircles,-854798913.8,semicircles,225.0,s,793.0,ms,348.0,,365.0,,365.0,,9999.0,,9999.0,,862317146.0,s,
121.39999999999998,m,0.391,m/s,345.06,degrees,243,,578716340.0,semicircles,-854798922.0,semicircles,226.0,s,293.0,ms,348.0,,365.0,,365.0,,9999.0,,9999.0,,862317146.6,s,
121.39999999999998,m,0.391,m/s,345.06,degrees,244,,578716360.6,semicircles,-854798930.0,semicircles,226.0,s,793.0,ms,348.0,,365.0,,365.0,,9999.0,,9999.0,,862317147.0,s,
121.39999999999998,m,0.391,m/s,345.06,degrees,245,,578716381.0,semicircles,-854798938.2,semicircles,227.0,s,293.0,ms,348.0,,365.0,,365.0,,9999.0,,9999.0,,862317147.6,s,
121.39999999999998,m,0.391,m/s,345.06,degrees,246,,578716401.0,semicircles,-854798946.4,semicircles,227.0,s,793.0,ms,348.0,,365.0,,365.0,,9999.0,,9999.0,,862317148.0,s,
121.39999999999998,m,0.391,m/s,345.06,degrees,247,,578716421.0,semicircles,-854798954.4,semicircles,228.0,s,293.0,ms,348.0,,365.0,,365.0,,9999.0,,9999.0,,862317148.6,s,
121.39999999999998,m,0.391,m/s,345.06,degrees,248,,578716441.6,semicircles,-854798962.6,semicircles,228.0,s,793.0,ms,348.0,,365.0,,365.0,,9999.0,,9999.0,,862317149.0,s,
121.39999999999998,m,0.391,m/s,345.06,degrees,249,,578716462.0,semicircles,-854798970.6,semicircles,229.0,s,293.0,ms,348.0,,365.0,,365.0,,9999.0,,9999.0,,862317149.6,s,
121.39999999999998,m,0.391,m/s,345.06,degrees,250,,578716482.0,semicircles,-854798978.8,semicircles,229.0,s,793.0,ms,348.0,,365.0,,365.0,,9999.0,,9999.0,,862317150.0,s,
121.43999999999998,m,0.391,m/s,345.06,degrees,251,,578716502.0,semicircles,-854798987.0,semicircles,230.0,s,293.0,ms,348.0,,365.0,,365.0,,9999.0,,9999.0,,862317150.6,s,
121.60000000000002,m,0.391,m/s,345.06,degrees,252,,578716522.4,semicircles,-854798995.0,semicircles,230.0,s,793.0,ms,348.0,,365.0,,365.0,,9999.0,,9999.0,,862317151.0,s,
121.60000000000002,m,0.391,m/s,345.06,degrees,253,,578716543.0,semicircles,-854799003.2,semicircles,231.0,s,293.0,ms,348.0,,365.0,,365.0,,9999.0,,9999.0,,862317151.6,s,
121.60000000000002,m,0.391,m/s,345.06,degrees,254,,578716563.0,semicircles,-854799011.4,semicircles,231.0,s,793.0,ms,348.0,,365.0,,365.0,,9999.0,,9999.0,,862317152.0,s,
121.60000000000002,m,0.391,m/s,345.06,degrees,255,,578716583.0,semicircles,-854799019.4,semicircles,232.0,s,293.0,ms,348.0,,365.0,,365.0,,9999.0,,9999.0,,862317152.6,s,
121.60000000000002,m,0.391,m/s,345.06,degrees,256,,578716603.4,semicircles,-854799027.6,semicircles,232.0,s,793.0,ms,348.0,,365.0,,365.0,,9999.0,,9999.0,,862317153.0,s,
121.60000000000002,m,0.391,m/s,345.06,degrees,257,,578716624.0,semicircles,-854799035.8,semicircles,233.0,s,293.0,ms,348.0,,365.0,,365.0,,9999.0,,9999.0,,862317153.6,s,
121.60000000000002,m,0.391,m/s,345.06,degrees,258,,578716644.0,semicircles,-854799044.0,semicircles,233.0,s,793.0,ms,348.0,,365.0,,365.0,,9999.0,,9999.0,,862317154.0,s,
121.60000000000002,m,0.391,m/s,345.06,degrees,259,,578716664.0,semicircles,-854799052.0,semicircles,234.0,s,293.0,ms,348.0,,365.0,,365.0,,9999.0,,9999.0,,862317154.6,s,
121.60000000000002,m,0.391,m/s,345.06,degrees,260,,578716684.6,semicircles,-854799060.2,semicircles,234.0,s,793.0,ms,347.6,,365.0,,365.0,,9999.0,,9999.0,,862317155.0,s,
121.60000000000002,m,0.391,m/s,345.06,degrees,261,,578716705.0,semicircles,-854799068.4,semicircles,235.0,s,293.0,ms,347.0,,365.0,,365.0,,9999.0,,9999.0,,862317155.6,s,
121.60000000000002,m,0.391,m/s,345.06,degrees,262,,578716725.0,semicircles,-854799076.4,semicircles,235.0,s,793.0,ms,347.0,,365.0,,365.0,,9999.0,,9999.0,,862317156.0,s,
121.60000000000002,m,0.391,m/s,345.06,degrees,263,,578716745.0,semicircles,-854799084.6,semicircles,236.0,s,293.0,ms,347.0,,365.0,,365.0,,9999.0,,9999.0,,862317156.6,s,
121.60000000000002,m,0.391,m/s,345.06,degrees,264,,578716765.4,semicircles,-854799092.6,semicircles,236.0,s,793.0,ms,347.0,,365.0,,365.0,,9999.0,,9999.0,,862317157.0,s,